{"chunk_definitions":[{"row":17,"row_count":1,"visible":true,"expansion_state":0,"options":{"include":false,"warning":false,"message":false,"engine":"r","label":"unnamed-chunk-1"},"document_id":"A0B6E697","chunk_id":"c1y7p6dq5don1","chunk_label":"unnamed-chunk-1"},{"row":24,"row_count":1,"visible":true,"expansion_state":0,"options":{"include":false,"warning":false,"message":false,"engine":"r","label":"unnamed-chunk-2"},"document_id":"A0B6E697","chunk_id":"cefj9vad1n77n","chunk_label":"unnamed-chunk-2"},{"row":46,"row_count":1,"visible":true,"expansion_state":0,"options":{"warning":false,"message":false,"echo":false,"engine":"r","label":"unnamed-chunk-3"},"document_id":"A0B6E697","chunk_id":"co6qguwdbsxq4","chunk_label":"unnamed-chunk-3"}],"doc_write_time":1728446697}