"0","#| warning: false"
"0","#| message: false"
"0","radiohead <- as_tibble(radiohead)"
"0",""
"0","radiohead |>"
"0","  mutate(album_release_date = ymd(album_release_date)) |>"
"0","  ggplot(aes("
"0","    x = album_release_date,"
"0","    y = duration_ms,"
"0","    group = album_release_date"
"0","  )) +"
"0","  geom_boxplot() +"
"0","  geom_jitter(alpha = 0.5, width = 0.3, height = 0) +"
"0","  theme_minimal() +"
"0","  labs("
"0","    x = ""Album release date"","
"0","    y = ""Duration of song (ms)"""
"0","  )"
